,CSK,DD,KKR,KXIP,MI,RCB,RPS,RR,SRH
CSK,1,5,3,1,0.5,4,3,3,4
DD,0.2,1,1,0.5,1,0.333333,1,0.5,1
KKR,0.333333,1,1,4,0.1666667,2,7,1,3
KXIP,1,2,0.25,1,0.5,1,1,1,1
MI,2,1,6,2,1,3,2,1,1
RCB,0.25,3,0.5,1,0.333333,1,7,0.5,3
RPS,0.333333,1,0.142857,1,0.5,0.142857,1,0.125,0.5
RR,0.333333,2,1,1,1,2,8,1,2
SRH,0.25,1,0.333333,1,1,0.333333,2,0.5,1
